Name,Age
Sahil,11.20917658
mkds,48.55965993
dsfsf,32.02062619
dsdsd,3.202725649
wewe,11.31857275
ewrw,35.5051578
ffdf,76.54696302
ete,79.04228258
etry,81.12254179
try,71.55357851
